title,artist
I Had Some Help (feat. Morgan Wallen),Post Malone
A Bar Song (Tipsy),Shaboozey
Not Like Us,Kendrick Lamar
Lose Control,Teddy Swims
HIND'S HALL,Macklemore
Technicolor Honeymoon,Maisy Kay
I Had Some Help (feat. Morgan Wallen),Post Malone
Stargazing,Myles Smith
Too Sweet,Hozier
MILLION DOLLAR BABY,Tommy Richman
Beautiful Things,Benson Boone
Feel Like Hell Today,Cooper Alan
Miles On It,Marshmello & Kane Brown
Lose My Breath (Stray Kids Ver.),Stray Kids
Come back to me,RM
Espresso,Sabrina Carpenter
Fortnight (feat. Post Malone),Taylor Swift
A Bar Song (Tipsy),Shaboozey
Ronald,"Falling In Reverse, Tech N9ne & Alex Terrible"
euphoria,Kendrick Lamar
Lose My Breath (Soft Garage Ver.),Stray Kids & Charlie Puth
Lose My Breath,Stray Kids & Charlie Puth
I Can Do It With a Broken Heart,Taylor Swift
Beautiful As You,Thomas Rhett
BOA,Megan Thee Stallion
Austin,Dasha
meet the grahams,Kendrick Lamar
Save Me (with Lainey Wilson),Jelly Roll
Who’s Afraid of Little Old Me?,Taylor Swift
Hurricane,Eden Golan
Where That Came From,Randy Travis
Mom (feat. Kelli Trainor),Meghan Trainor
Like That,"Future, Metro Boomin & Kendrick Lamar"
Cowgirls (feat. ERNEST),Morgan Wallen
White Horse,Chris Stapleton
The Door,Teddy Swims
Selfish,Tyler Bragoli
Live Like You Were Dying,Tim McGraw
Come back to me (Radio Edit),RM
Where the Wild Things Are,Luke Combs
Halfway To Hell,Jelly Roll
Lil Boo Thang,Paul Russell
Fearless,Jackson Dean
A Song for Mama,Boyz II Men
Bulletproof,Nate Smith
Last Night,Morgan Wallen
Need a Favor,Jelly Roll
Dirt Cheap,Cody Johnson
i like the way you kiss me,Artemas
Wildflowers and Wild Horses (Single Version),Lainey Wilson
I Remember Everything (feat. Kacey Musgraves),Zach Bryan
Stick Season,Noah Kahan
Slow It Down,Benson Boone
Beautiful Things,Benson Boone
Come back to me,RM
Save Me,Jelly Roll
Cab In A Solo,Scotty McCreery
Illusion,Dua Lipa
Wanna Be,GloRilla & Megan Thee Stallion
Mamas,Anne Wilson & Hillary Scott
Down Bad,Taylor Swift
Wondering Why,The Red Clay Strays
Fast Car,Luke Combs
Scratching the Surface (Mama's Song),Kylie Morgan
Cruel Summer,Taylor Swift
TRUCK BED,HARDY
The Sound of Silence (CYRIL Remix),Disturbed
When God Made You My Mother,Riley Roth
Flowers,Miley Cyrus
Lovin On Me,Jack Harlow
A Country Boy Can Survive,"Hank Williams, Jr."
Family Matters,Drake
Here Comes the Hotstepper (Heartical Mix),Ini Kamoze
Unwritten,Natasha Bedingfield
TEXAS HOLD 'EM,Beyoncé
II MOST WANTED,Beyoncé & Miley Cyrus
Nobody's Business,Melody Shari
we can't be friends (wait for your love),Ariana Grande
Thinkin’ Bout Me,Morgan Wallen
Tennessee Whiskey,Chris Stapleton
GOOD DAY,Forrest Frank
Hard to Love,Lee Brice
I Can't,Reba McEntire
Austin,Dasha
Throwing Stacks,Ray J & Sukihana
End of Beginning,Djo
Wine Into Whiskey,Tucker Wetmore
Training Season,Dua Lipa
Belong Together,Mark Ambor
So High School,Taylor Swift
Girls,Rachel Platten
Take It All Back,"Tauren Wells, We The Kingdom & Davies"
Unsung Hero (Single Edit),for KING & COUNTRY
We Ride,Bryan Martin
Let Your Boys Be Country,Jason Aldean
Chevrolet (feat. Jelly Roll),Dustin Lynch
Broadway Girls (feat. Morgan Wallen),Lil Durk
Devil You Know,Tyler Braden
Lose My Breath (Instrumental),Stray Kids & Charlie Puth
Wanna Be,GloRilla & Megan Thee Stallion
